airline,source_city,departure_time,stops,arrival_time,destination_city,class,duration,days_left,price
SpiceJet,Delhi,Evening,zero,Night,Mumbai,Economy,2.17,1,5953
SpiceJet,Delhi,Early_Morning,zero,Morning,Mumbai,Economy,2.33,1,5953
AirAsia,Delhi,Early_Morning,zero,Early_Morning,Mumbai,Economy,2.17,1,5956
Vistara,Delhi,Morning,zero,Afternoon,Mumbai,Economy,2.25,1,5955
Vistara,Delhi,Morning,zero,Morning,Mumbai,Economy,2.33,1,5955
Vistara,Delhi,Morning,zero,Afternoon,Mumbai,Economy,2.33,1,5955
Vistara,Delhi,Morning,zero,Morning,Mumbai,Economy,2.08,1,6060
Vistara,Delhi,Afternoon,zero,Evening,Mumbai,Economy,2.17,1,6060
GO_FIRST,Delhi,Early_Morning,zero,Morning,Mumbai,Economy,2.17,1,5954
GO_FIRST,Delhi,Afternoon,zero,Evening,Mumbai,Economy,2.25,1,5954
GO_FIRST,Delhi,Afternoon,zero,Evening,Mumbai,Economy,2.25,1,5954
GO_FIRST,Delhi,Morning,zero,Afternoon,Mumbai,Economy,2.33,1,5954
Indigo,Delhi,Early_Morning,zero,Morning,Mumbai,Economy,2.17,1,5955
Indigo,Delhi,Morning,zero,Afternoon,Mumbai,Economy,2.17,1,5955
Indigo,Delhi,Afternoon,zero,Evening,Mumbai,Economy,2.25,1,5955
Indigo,Delhi,Morning,zero,Morning,Mumbai,Economy,2.33,1,5955
Air_India,Delhi,Early_Morning,zero,Morning,Mumbai,Economy,2.08,1,5955
Air_India,Delhi,Early_Morning,zero,Morning,Mumbai,Economy,2.17,1,5955
AirAsia,Delhi,Evening,one,Early_Morning,Mumbai,Economy,12.25,1,5949
AirAsia,Delhi,Evening,one,Morning,Mumbai,Economy,16.33,1,5949
GO_FIRST,Delhi,Early_Morning,one,Evening,Mumbai,Economy,11.75,1,5954
GO_FIRST,Delhi,Early_Morning,one,Night,Mumbai,Economy,14.5,1,5954
GO_FIRST,Delhi,Evening,one,Morning,Mumbai,Economy,15.67,1,5954
Air_India,Delhi,Evening,one,Night,Mumbai,Economy,3.75,1,5955
Indigo,Delhi,Morning,zero,Morning,Mumbai,Economy,2.5,1,6165
Vistara,Delhi,Afternoon,zero,Evening,Mumbai,Economy,2.17,1,6690
Indigo,Delhi,Evening,zero,Evening,Mumbai,Economy,2.17,1,6585
AirAsia,Delhi,Morning,one,Afternoon,Mumbai,Economy,5.83,1,8869
SpiceJet,Delhi,Evening,zero,Night,Mumbai,Economy,2.33,1,10260
Indigo,Delhi,Evening,zero,Night,Mumbai,Economy,2.17,1,10470
GO_FIRST,Delhi,Early_Morning,one,Afternoon,Mumbai,Economy,8,1,10575
Indigo,Delhi,Afternoon,one,Evening,Mumbai,Economy,6,1,10838
Vistara,Delhi,Evening,one,Morning,Mumbai,Economy,14.67,1,12150
Vistara,Delhi,Evening,one,Morning,Mumbai,Economy,16.17,1,12150
Vistara,Delhi,Afternoon,one,Morning,Mumbai,Economy,18,1,12150
Vistara,Delhi,Morning,one,Morning,Mumbai,Economy,23.17,1,12150
Vistara,Delhi,Morning,one,Morning,Mumbai,Economy,24.17,1,12150
Air_India,Delhi,Early_Morning,one,Afternoon,Mumbai,Economy,8.83,1,11900
SpiceJet,Delhi,Evening,one,Night,Mumbai,Economy,4.5,1,12123
SpiceJet,Delhi,Evening,one,Morning,Mumbai,Economy,15.25,1,12123
Air_India,Delhi,Night,one,Morning,Mumbai,Economy,11,1,12150
Air_India,Delhi,Afternoon,one,Morning,Mumbai,Economy,19.08,1,12150
Air_India,Delhi,Morning,one,Morning,Mumbai,Economy,22.83,1,12150
Air_India,Delhi,Early_Morning,one,Morning,Mumbai,Economy,26.42,1,12150
Air_India,Delhi,Night,one,Afternoon,Mumbai,Economy,17.75,1,12215
SpiceJet,Delhi,Evening,one,Afternoon,Mumbai,Economy,19.58,1,12230
Vistara,Delhi,Evening,zero,Night,Mumbai,Economy,2.33,1,12780
Vistara,Delhi,Afternoon,one,Afternoon,Mumbai,Economy,26.67,1,12885
AirAsia,Delhi,Evening,one,Early_Morning,Mumbai,Economy,15.17,1,12539
Air_India,Delhi,Evening,one,Afternoon,Mumbai,Economy,20.83,1,12938
Air_India,Delhi,Night,one,Morning,Mumbai,Economy,11.42,1,12990
Air_India,Delhi,Morning,one,Morning,Mumbai,Economy,22.25,1,12990
Air_India,Delhi,Early_Morning,one,Morning,Mumbai,Economy,26,1,12990
Air_India,Delhi,Afternoon,one,Afternoon,Mumbai,Economy,21.75,1,13086
Indigo,Delhi,Afternoon,one,Evening,Mumbai,Economy,3.83,1,13279
Indigo,Delhi,Evening,one,Night,Mumbai,Economy,4.42,1,13279
Indigo,Delhi,Morning,one,Evening,Mumbai,Economy,7.67,1,13279
Indigo,Delhi,Afternoon,one,Night,Mumbai,Economy,8.33,1,13279
Indigo,Delhi,Night,one,Morning,Mumbai,Economy,10.42,1,13279
Vistara,Delhi,Afternoon,one,Afternoon,Mumbai,Economy,23.75,1,13673
Air_India,Delhi,Evening,one,Afternoon,Mumbai,Economy,19.5,1,13410
Vistara,Delhi,Early_Morning,one,Afternoon,Mumbai,Economy,6.5,1,13935
Vistara,Delhi,Evening,one,Morning,Mumbai,Economy,12.42,1,14040
Vistara,Delhi,Afternoon,one,Afternoon,Mumbai,Economy,21.08,1,14040
Vistara,Delhi,Evening,one,Night,Mumbai,Economy,26.67,1,14093
Vistara,Delhi,Evening,one,Night,Mumbai,Economy,28.17,1,14093
Vistara,Delhi,Evening,one,Night,Mumbai,Economy,28.25,1,14093
Indigo,Delhi,Afternoon,one,Night,Mumbai,Economy,8,1,13767
GO_FIRST,Delhi,Afternoon,one,Night,Mumbai,Economy,9.25,1,13932
Vistara,Delhi,Night,one,Afternoon,Mumbai,Economy,17.92,1,14408
Vistara,Delhi,Night,one,Night,Mumbai,Economy,26.42,1,14408
Air_India,Delhi,Night,one,Afternoon,Mumbai,Economy,16.17,1,14250
GO_FIRST,Delhi,Morning,one,Evening,Mumbai,Economy,7.08,1,14539
Vistara,Delhi,Early_Morning,one,Night,Mumbai,Economy,13.83,1,14985
Air_India,Delhi,Afternoon,one,Night,Mumbai,Economy,7.58,1,14670
Air_India,Delhi,Evening,one,Morning,Mumbai,Economy,15.83,1,15195
Vistara,Delhi,Evening,zero,Night,Mumbai,Economy,2.25,1,15720
Vistara,Delhi,Evening,one,Night,Mumbai,Economy,24.42,1,15983
Vistara,Delhi,Evening,one,Night,Mumbai,Economy,26,1,15983
Indigo,Delhi,Morning,one,Afternoon,Mumbai,Economy,4.17,1,15720
SpiceJet,Delhi,Early_Morning,one,Morning,Mumbai,Economy,4.25,1,15720
Indigo,Delhi,Early_Morning,one,Afternoon,Mumbai,Economy,5.08,1,15720
Air_India,Delhi,Evening,one,Night,Mumbai,Economy,29.33,1,16245
Vistara,Delhi,Evening,one,Night,Mumbai,Economy,4.42,1,16613
Vistara,Delhi,Early_Morning,one,Night,Mumbai,Economy,17,1,16665
Vistara,Delhi,Evening,one,Night,Mumbai,Economy,26.67,1,16665
Air_India,Delhi,Evening,one,Night,Mumbai,Economy,27.17,1,16455
Air_India,Delhi,Evening,one,Night,Mumbai,Economy,24.75,1,16665
Vistara,Delhi,Evening,one,Night,Mumbai,Economy,5.75,1,17348
Vistara,Delhi,Afternoon,one,Night,Mumbai,Economy,7.58,1,17348
Vistara,Delhi,Morning,one,Night,Mumbai,Economy,12.75,1,17348
Vistara,Delhi,Morning,one,Night,Mumbai,Economy,13.75,1,17348
Vistara,Delhi,Evening,one,Morning,Mumbai,Economy,17.83,1,17348
Vistara,Delhi,Early_Morning,one,Afternoon,Mumbai,Economy,5.5,1,17400
Vistara,Delhi,Evening,one,Afternoon,Mumbai,Economy,19.5,1,17505
Vistara,Delhi,Afternoon,one,Night,Mumbai,Economy,7.58,1,17610
Air_India,Delhi,Night,one,Night,Mumbai,Economy,23.83,1,17295
Vistara,Delhi,Afternoon,one,Evening,Mumbai,Economy,5,1,17663
Air_India,Delhi,Night,one,Night,Mumbai,Economy,26.5,1,18030
Vistara,Delhi,Evening,one,Afternoon,Mumbai,Economy,20.83,1,18398
Vistara,Delhi,Early_Morning,one,Night,Mumbai,Economy,12.83,1,18450
GO_FIRST,Delhi,Morning,one,Evening,Mumbai,Economy,8.92,1,18487
Vistara,Delhi,Afternoon,one,Night,Mumbai,Economy,6,1,18923
Vistara,Delhi,Morning,one,Night,Mumbai,Economy,11.17,1,18923
Vistara,Delhi,Morning,one,Night,Mumbai,Economy,12.17,1,18923
Vistara,Delhi,Evening,one,Morning,Mumbai,Economy,15.58,1,19238
Vistara,Delhi,Evening,one,Morning,Mumbai,Economy,15.75,1,19920
Air_India,Delhi,Afternoon,one,Night,Mumbai,Economy,7.92,1,19710
Air_India,Delhi,Early_Morning,one,Night,Mumbai,Economy,13.25,1,19710
Vistara,Delhi,Early_Morning,one,Night,Mumbai,Economy,16,1,20130
Air_India,Delhi,Evening,one,Evening,Mumbai,Economy,22.75,1,19815
Vistara,Delhi,Evening,one,Night,Mumbai,Economy,6,1,21075
GO_FIRST,Delhi,Morning,one,Evening,Mumbai,Economy,6.33,1,21111
Air_India,Delhi,Morning,one,Evening,Mumbai,Economy,7.25,1,23206
Air_India,Delhi,Morning,one,Afternoon,Mumbai,Economy,30.08,1,24540
Air_India,Delhi,Early_Morning,one,Evening,Mumbai,Economy,11,1,25800
Vistara,Delhi,Evening,one,Morning,Mumbai,Economy,18.25,1,27270
Air_India,Delhi,Morning,one,Evening,Mumbai,Economy,6.08,1,29580
SpiceJet,Delhi,Early_Morning,zero,Morning,Mumbai,Economy,2.25,2,5953
SpiceJet,Delhi,Evening,zero,Night,Mumbai,Economy,2.33,2,5953
Vistara,Delhi,Morning,zero,Morning,Mumbai,Economy,2.08,2,5955
Vistara,Delhi,Evening,zero,Night,Mumbai,Economy,2.17,2,5955
Vistara,Delhi,Evening,zero,Night,Mumbai,Economy,2.25,2,5955
Vistara,Delhi,Morning,zero,Morning,Mumbai,Economy,2.33,2,5955
Vistara,Delhi,Evening,zero,Night,Mumbai,Economy,2.33,2,5955
Vistara,Delhi,Night,zero,Night,Mumbai,Economy,2.17,2,6060
GO_FIRST,Delhi,Early_Morning,zero,Morning,Mumbai,Economy,2.17,2,5954
GO_FIRST,Delhi,Afternoon,zero,Evening,Mumbai,Economy,2.25,2,5954
GO_FIRST,Delhi,Evening,zero,Night,Mumbai,Economy,2.25,2,5954
GO_FIRST,Delhi,Night,zero,Night,Mumbai,Economy,2.25,2,5954
GO_FIRST,Delhi,Morning,zero,Afternoon,Mumbai,Economy,2.33,2,5954
GO_FIRST,Delhi,Evening,zero,Night,Mumbai,Economy,2.33,2,5954
Indigo,Delhi,Early_Morning,zero,Morning,Mumbai,Economy,2.17,2,5955
Indigo,Delhi,Evening,zero,Evening,Mumbai,Economy,2.17,2,5955
Indigo,Delhi,Evening,zero,Night,Mumbai,Economy,2.17,2,5955
Indigo,Delhi,Morning,zero,Afternoon,Mumbai,Economy,2.25,2,5955
Indigo,Delhi,Afternoon,zero,Evening,Mumbai,Economy,2.25,2,5955
Indigo,Delhi,Night,zero,Night,Mumbai,Economy,2.25,2,5955
SpiceJet,Delhi,Early_Morning,zero,Morning,Mumbai,Economy,2.33,2,5955
Indigo,Delhi,Morning,zero,Morning,Mumbai,Economy,2.33,2,5955
Indigo,Delhi,Morning,zero,Morning,Mumbai,Economy,2.5,2,5955
AirAsia,Delhi,Early_Morning,zero,Early_Morning,Mumbai,Economy,2.17,2,5956
Air_India,Delhi,Evening,zero,Evening,Mumbai,Economy,2,2,5955
Air_India,Delhi,Early_Morning,zero,Morning,Mumbai,Economy,2.08,2,5955
Air_India,Delhi,Early_Morning,zero,Morning,Mumbai,Economy,2.17,2,5955
Air_India,Delhi,Evening,zero,Night,Mumbai,Economy,2.17,2,5955
Air_India,Delhi,Evening,zero,Night,Mumbai,Economy,2.25,2,5955
AirAsia,Delhi,Evening,one,Early_Morning,Mumbai,Economy,12.25,2,5949
AirAsia,Delhi,Evening,one,Morning,Mumbai,Economy,16.33,2,5949
GO_FIRST,Delhi,Early_Morning,one,Night,Mumbai,Economy,12.33,2,5954
GO_FIRST,Delhi,Evening,one,Early_Morning,Mumbai,Economy,12.33,2,5954
Air_India,Delhi,Afternoon,one,Evening,Mumbai,Economy,3.5,2,5955
Air_India,Delhi,Evening,one,Night,Mumbai,Economy,3.75,2,5955
Vistara,Delhi,Morning,zero,Afternoon,Mumbai,Economy,2.25,2,6375
Vistara,Delhi,Afternoon,zero,Evening,Mumbai,Economy,2.17,2,7530
Vistara,Delhi,Afternoon,zero,Evening,Mumbai,Economy,2.17,2,7530
Vistara,Delhi,Morning,zero,Afternoon,Mumbai,Economy,2.33,2,7530
AirAsia,Delhi,Evening,one,Early_Morning,Mumbai,Economy,15.17,2,7419
Indigo,Delhi,Morning,zero,Afternoon,Mumbai,Economy,2.17,2,7845
Indigo,Delhi,Early_Morning,one,Evening,Mumbai,Economy,10.25,2,8396
SpiceJet,Delhi,Evening,one,Night,Mumbai,Economy,4.5,2,8869
SpiceJet,Delhi,Evening,one,Morning,Mumbai,Economy,15.25,2,9183
Air_India,Delhi,Early_Morning,one,Afternoon,Mumbai,Economy,7.25,2,9840
Air_India,Delhi,Morning,one,Night,Mumbai,Economy,14.17,2,9840
Air_India,Delhi,Morning,one,Night,Mumbai,Economy,15.75,2,9840
Vistara,Delhi,Afternoon,one,Afternoon,Mumbai,Economy,25.58,2,10566
Air_India,Delhi,Afternoon,one,Evening,Mumbai,Economy,6.33,2,10303
Indigo,Delhi,Morning,one,Afternoon,Mumbai,Economy,4.08,2,10523
Air_India,Delhi,Early_Morning,one,Afternoon,Mumbai,Economy,9.75,2,10523
Vistara,Delhi,Night,one,Night,Mumbai,Economy,26.42,2,11048
Indigo,Delhi,Evening,one,Night,Mumbai,Economy,4.42,2,10838
Indigo,Delhi,Afternoon,one,Night,Mumbai,Economy,8.33,2,10838
Indigo,Delhi,Night,one,Morning,Mumbai,Economy,10.42,2,10838
Air_India,Delhi,Evening,one,Night,Mumbai,Economy,6.67,2,11100
Indigo,Delhi,Afternoon,one,Night,Mumbai,Economy,8,2,11326
Indigo,Delhi,Morning,two_or_more,Evening,Mumbai,Economy,9.67,2,11678
Vistara,Delhi,Evening,one,Morning,Mumbai,Economy,12.42,2,12150
Vistara,Delhi,Evening,one,Morning,Mumbai,Economy,14.67,2,12150
Vistara,Delhi,Evening,one,Morning,Mumbai,Economy,16.17,2,12150
Vistara,Delhi,Morning,one,Morning,Mumbai,Economy,24.17,2,12150
Indigo,Delhi,Afternoon,one,Evening,Mumbai,Economy,3.83,2,11814
Indigo,Delhi,Morning,one,Evening,Mumbai,Economy,7.67,2,11814
Air_India,Delhi,Early_Morning,one,Afternoon,Mumbai,Economy,10.08,2,11900
Vistara,Delhi,Morning,one,Night,Mumbai,Economy,12.58,2,12308
Vistara,Delhi,Evening,one,Night,Mumbai,Economy,4.42,2,12570
Vistara,Delhi,Morning,one,Morning,Mumbai,Economy,23.17,2,12570
Vistara,Delhi,Early_Morning,one,Afternoon,Mumbai,Economy,7,2,12623
Vistara,Delhi,Afternoon,one,Night,Mumbai,Economy,8.25,2,12623
Vistara,Delhi,Early_Morning,one,Night,Mumbai,Economy,15.5,2,12623
Air_India,Delhi,Early_Morning,one,Afternoon,Mumbai,Economy,7.25,2,12298
Indigo,Delhi,Night,one,Morning,Mumbai,Economy,10.17,2,12302
Air_India,Delhi,Night,one,Night,Mumbai,Economy,23.5,2,12465
Vistara,Delhi,Afternoon,one,Morning,Mumbai,Economy,18,2,12990
Air_India,Delhi,Morning,one,Late_Night,Mumbai,Economy,13.25,2,12675
SpiceJet,Delhi,Afternoon,one,Evening,Mumbai,Economy,25.75,2,12850
Air_India,Delhi,Night,one,Morning,Mumbai,Economy,11.42,2,12990
Air_India,Delhi,Morning,one,Night,Mumbai,Economy,11.5,2,12990
Air_India,Delhi,Night,one,Afternoon,Mumbai,Economy,16.17,2,12990
Air_India,Delhi,Evening,one,Afternoon,Mumbai,Economy,19.5,2,12990
Air_India,Delhi,Morning,one,Morning,Mumbai,Economy,21.42,2,12990
GO_FIRST,Delhi,Early_Morning,one,Night,Mumbai,Economy,14.25,2,13069
GO_FIRST,Delhi,Early_Morning,one,Afternoon,Mumbai,Economy,7.75,2,13321
Vistara,Delhi,Evening,one,Night,Mumbai,Economy,5.33,2,13673
Vistara,Delhi,Afternoon,one,Afternoon,Mumbai,Economy,21.08,2,13830
Vistara,Delhi,Evening,one,Night,Mumbai,Economy,5.75,2,14093
Vistara,Delhi,Morning,one,Night,Mumbai,Economy,12.17,2,14093
Vistara,Delhi,Morning,one,Night,Mumbai,Economy,13.75,2,14093
Air_India,Delhi,Evening,one,Morning,Mumbai,Economy,15.83,2,13830
GO_FIRST,Delhi,Early_Morning,one,Evening,Mumbai,Economy,11.75,2,14129
Vistara,Delhi,Morning,one,Night,Mumbai,Economy,11.17,2,14513
Vistara,Delhi,Morning,one,Night,Mumbai,Economy,12.75,2,14513
Air_India,Delhi,Morning,one,Evening,Mumbai,Economy,5.67,2,14250
GO_FIRST,Delhi,Evening,one,Morning,Mumbai,Economy,15.17,2,14409
GO_FIRST,Delhi,Evening,one,Night,Mumbai,Economy,4.75,2,14487
Vistara,Delhi,Afternoon,one,Night,Mumbai,Economy,6,2,14933
Vistara,Delhi,Afternoon,one,Night,Mumbai,Economy,7.58,2,14933
Vistara,Delhi,Afternoon,one,Night,Mumbai,Economy,7.92,2,15038
Vistara,Delhi,Evening,one,Morning,Mumbai,Economy,15.58,2,15353
Vistara,Delhi,Evening,one,Morning,Mumbai,Economy,17.83,2,15353
Vistara,Delhi,Evening,one,Morning,Mumbai,Economy,19.33,2,15353
Vistara,Delhi,Evening,one,Night,Mumbai,Economy,26,2,15353
Vistara,Delhi,Evening,one,Night,Mumbai,Economy,28.25,2,15353
GO_FIRST,Delhi,Morning,one,Evening,Mumbai,Economy,7.08,2,15117
Air_India,Delhi,Early_Morning,one,Morning,Mumbai,Economy,26,2,15195
Indigo,Delhi,Early_Morning,one,Afternoon,Mumbai,Economy,5.08,2,15232
Air_India,Delhi,Evening,one,Night,Mumbai,Economy,6.25,2,15510
Indigo,Delhi,Morning,one,Afternoon,Mumbai,Economy,4.17,2,15720
SpiceJet,Delhi,Early_Morning,one,Morning,Mumbai,Economy,4.25,2,15720
Indigo,Delhi,Afternoon,one,Night,Mumbai,Economy,10.33,2,15720
Air_India,Delhi,Early_Morning,one,Night,Mumbai,Economy,13.25,2,16035
Vistara,Delhi,Afternoon,one,Night,Mumbai,Economy,9.08,2,16560
Vistara,Delhi,Early_Morning,one,Night,Mumbai,Economy,15.42,2,16560
GO_FIRST,Delhi,Early_Morning,one,Afternoon,Mumbai,Economy,8,2,16823
Vistara,Delhi,Evening,one,Night,Mumbai,Economy,24.42,2,17348
Vistara,Delhi,Evening,one,Night,Mumbai,Economy,26.67,2,17348
GO_FIRST,Delhi,Afternoon,one,Night,Mumbai,Economy,9.25,2,17136
Air_India,Delhi,Night,one,Night,Mumbai,Economy,23.83,2,18135
Air_India,Delhi,Evening,one,Night,Mumbai,Economy,27.17,2,18135
Vistara,Delhi,Afternoon,one,Evening,Mumbai,Economy,5,2,19343
Vistara,Delhi,Afternoon,one,Afternoon,Mumbai,Economy,26.67,2,19553
Vistara,Delhi,Early_Morning,one,Afternoon,Mumbai,Economy,6.5,2,19815
Air_India,Delhi,Morning,one,Afternoon,Mumbai,Economy,4.83,2,20445
Air_India,Delhi,Afternoon,one,Afternoon,Mumbai,Economy,25.83,2,21180
Air_India,Delhi,Afternoon,one,Night,Mumbai,Economy,8.92,2,22335
GO_FIRST,Delhi,Morning,one,Evening,Mumbai,Economy,7.5,2,23281
GO_FIRST,Delhi,Morning,one,Evening,Mumbai,Economy,8.83,2,23281
Vistara,Delhi,Morning,one,Afternoon,Mumbai,Economy,27.58,2,24488
Air_India,Delhi,Early_Morning,one,Afternoon,Mumbai,Economy,8,2,24855
Vistara,Delhi,Afternoon,one,Night,Mumbai,Economy,28.42,2,25905
Vistara,Delhi,Early_Morning,one,Night,Mumbai,Economy,13.83,2,29160
Air_India,Delhi,Morning,one,Evening,Mumbai,Economy,6.42,2,29580
SpiceJet,Delhi,Early_Morning,zero,Morning,Mumbai,Economy,2.25,3,5953
SpiceJet,Delhi,Early_Morning,zero,Morning,Mumbai,Economy,2.33,3,5953
SpiceJet,Delhi,Evening,zero,Night,Mumbai,Economy,2.33,3,5953
Vistara,Delhi,Morning,zero,Morning,Mumbai,Economy,2.08,3,5955
Vistara,Delhi,Morning,zero,Afternoon,Mumbai,Economy,2.25,3,5955
Vistara,Delhi,Morning,zero,Morning,Mumbai,Economy,2.33,3,5955
GO_FIRST,Delhi,Early_Morning,zero,Morning,Mumbai,Economy,2.17,3,5954
GO_FIRST,Delhi,Evening,zero,Night,Mumbai,Economy,2.25,3,5954
GO_FIRST,Delhi,Morning,zero,Afternoon,Mumbai,Economy,2.33,3,5954
GO_FIRST,Delhi,Evening,zero,Night,Mumbai,Economy,2.33,3,5954
Indigo,Delhi,Early_Morning,zero,Morning,Mumbai,Economy,2.17,3,5955
Indigo,Delhi,Morning,zero,Afternoon,Mumbai,Economy,2.25,3,5955
Indigo,Delhi,Morning,zero,Morning,Mumbai,Economy,2.33,3,5955
Indigo,Delhi,Morning,zero,Morning,Mumbai,Economy,2.5,3,5955
AirAsia,Delhi,Early_Morning,zero,Early_Morning,Mumbai,Economy,2.17,3,5956
Air_India,Delhi,Early_Morning,zero,Morning,Mumbai,Economy,2.08,3,5955
Air_India,Delhi,Early_Morning,zero,Morning,Mumbai,Economy,2.17,3,5955
Air_India,Delhi,Evening,zero,Night,Mumbai,Economy,2.17,3,5955
Air_India,Delhi,Evening,zero,Night,Mumbai,Economy,2.25,3,5955
GO_FIRST,Delhi,Evening,one,Early_Morning,Mumbai,Economy,12.33,3,5954
GO_FIRST,Delhi,Early_Morning,one,Night,Mumbai,Economy,15.75,3,5954
Air_India,Delhi,Evening,one,Night,Mumbai,Economy,3.75,3,5955
Vistara,Delhi,Evening,zero,Night,Mumbai,Economy,2.17,3,6375
SpiceJet,Delhi,Evening,zero,Night,Mumbai,Economy,2.17,3,6060
SpiceJet,Delhi,Evening,one,Early_Morning,Mumbai,Economy,13.25,3,6270
Vistara,Delhi,Evening,zero,Night,Mumbai,Economy,2.25,3,6690
GO_FIRST,Delhi,Afternoon,zero,Evening,Mumbai,Economy,2.25,3,6532
GO_FIRST,Delhi,Night,zero,Night,Mumbai,Economy,2.25,3,6532
Vistara,Delhi,Morning,zero,Afternoon,Mumbai,Economy,2.33,3,7005
Air_India,Delhi,Evening,zero,Evening,Mumbai,Economy,2,3,6795
GO_FIRST,Delhi,Afternoon,zero,Evening,Mumbai,Economy,2.25,3,7110
Indigo,Delhi,Early_Morning,one,Evening,Mumbai,Economy,10.25,3,7420
Indigo,Delhi,Morning,one,Afternoon,Mumbai,Economy,5,3,7583
Indigo,Delhi,Morning,zero,Afternoon,Mumbai,Economy,2.17,3,7845
Indigo,Delhi,Evening,zero,Night,Mumbai,Economy,2.17,3,8055
Indigo,Delhi,Evening,zero,Evening,Mumbai,Economy,2.17,3,8370
Indigo,Delhi,Afternoon,zero,Evening,Mumbai,Economy,2.25,3,8370
Vistara,Delhi,Afternoon,zero,Evening,Mumbai,Economy,2.17,3,9525
Vistara,Delhi,Afternoon,one,Afternoon,Mumbai,Economy,25.58,3,9988
AirAsia,Delhi,Evening,one,Early_Morning,Mumbai,Economy,12.25,3,9840
Air_India,Delhi,Afternoon,one,Afternoon,Mumbai,Economy,24.58,3,9988
Indigo,Delhi,Afternoon,one,Evening,Mumbai,Economy,6,3,10523
Vistara,Delhi,Early_Morning,one,Night,Mumbai,Economy,15.5,3,11048
SpiceJet,Delhi,Evening,one,Morning,Mumbai,Economy,15.25,3,10759
Air_India,Delhi,Evening,one,Night,Mumbai,Economy,24.75,3,10785
GO_FIRST,Delhi,Early_Morning,one,Night,Mumbai,Economy,14.25,3,10863
Indigo,Delhi,Night,one,Morning,Mumbai,Economy,10.42,3,10943
Vistara,Delhi,Night,one,Afternoon,Mumbai,Economy,17.92,3,11415
Vistara,Delhi,Evening,one,Afternoon,Mumbai,Economy,20.83,3,11415
Vistara,Delhi,Night,one,Night,Mumbai,Economy,26.42,3,11415
Indigo,Delhi,Evening,one,Night,Mumbai,Economy,4.42,3,11326
Indigo,Delhi,Afternoon,one,Night,Mumbai,Economy,8.33,3,11326
Air_India,Delhi,Evening,one,Afternoon,Mumbai,Economy,20.83,3,11468
Vistara,Delhi,Morning,one,Night,Mumbai,Economy,12.58,3,12098
Vistara,Delhi,Morning,one,Morning,Mumbai,Economy,24.17,3,12150
SpiceJet,Delhi,Evening,one,Night,Mumbai,Economy,4.5,3,11809
Indigo,Delhi,Afternoon,one,Evening,Mumbai,Economy,3.83,3,11814
Indigo,Delhi,Morning,one,Evening,Mumbai,Economy,7.67,3,11814
Air_India,Delhi,Night,one,Afternoon,Mumbai,Economy,16.5,3,11900
Indigo,Delhi,Early_Morning,one,Morning,Mumbai,Economy,4.83,3,11993
SpiceJet,Delhi,Afternoon,one,Evening,Mumbai,Economy,25.75,3,12010
GO_FIRST,Delhi,Morning,two_or_more,Night,Mumbai,Economy,11,3,12045
GO_FIRST,Delhi,Evening,one,Morning,Mumbai,Economy,15.17,3,12045
Air_India,Delhi,Night,one,Morning,Mumbai,Economy,11.33,3,12150
Air_India,Delhi,Night,one,Night,Mumbai,Economy,23.83,3,12150
Air_India,Delhi,Early_Morning,one,Morning,Mumbai,Economy,26.42,3,12150
GO_FIRST,Delhi,Evening,one,Night,Mumbai,Economy,4.75,3,12229
Vistara,Delhi,Evening,one,Night,Mumbai,Economy,5.33,3,12623
Air_India,Delhi,Afternoon,one,Afternoon,Mumbai,Economy,24.83,3,12298
Vistara,Delhi,Afternoon,zero,Evening,Mumbai,Economy,2.17,3,12780
Air_India,Delhi,Early_Morning,one,Night,Mumbai,Economy,14.92,3,12465
Vistara,Delhi,Afternoon,one,Afternoon,Mumbai,Economy,26.67,3,12885
Indigo,Delhi,Evening,one,Night,Mumbai,Economy,5.33,3,12570
Indigo,Delhi,Afternoon,one,Night,Mumbai,Economy,10.33,3,12570
AirAsia,Delhi,Evening,one,Early_Morning,Mumbai,Economy,15.17,3,12990
Vistara,Delhi,Afternoon,one,Afternoon,Mumbai,Economy,23.75,3,13410
GO_FIRST,Delhi,Morning,one,Afternoon,Mumbai,Economy,5.08,3,13069
GO_FIRST,Delhi,Morning,one,Evening,Mumbai,Economy,7.08,3,13069
Air_India,Delhi,Morning,one,Afternoon,Mumbai,Economy,26.08,3,13086
Vistara,Delhi,Morning,one,Morning,Mumbai,Economy,23.17,3,13515
SpiceJet,Delhi,Early_Morning,one,Morning,Mumbai,Economy,4.25,3,13200
Indigo,Delhi,Afternoon,one,Night,Mumbai,Economy,5.42,3,13279
Air_India,Delhi,Early_Morning,one,Afternoon,Mumbai,Economy,8,3,13515
Vistara,Delhi,Evening,one,Morning,Mumbai,Economy,12.42,3,14040
Vistara,Delhi,Evening,one,Night,Mumbai,Economy,24.42,3,14040
Vistara,Delhi,Evening,one,Night,Mumbai,Economy,26,3,14040
Indigo,Delhi,Early_Morning,one,Afternoon,Mumbai,Economy,5.08,3,13767
Vistara,Delhi,Evening,one,Night,Mumbai,Economy,4.42,3,14565
Vistara,Delhi,Evening,one,Morning,Mumbai,Economy,15.75,3,14565
Vistara,Delhi,Evening,one,Night,Mumbai,Economy,26.67,3,14565
Vistara,Delhi,Early_Morning,one,Morning,Mumbai,Economy,28.5,3,14565
GO_FIRST,Delhi,Early_Morning,one,Evening,Mumbai,Economy,11.75,3,14235
Air_India,Delhi,Evening,one,Afternoon,Mumbai,Economy,19.5,3,14250
Vistara,Delhi,Afternoon,one,Night,Mumbai,Economy,8.25,3,14618
Vistara,Delhi,Evening,one,Morning,Mumbai,Economy,14.67,3,14775
Vistara,Delhi,Evening,one,Night,Mumbai,Economy,26.67,3,14775
Vistara,Delhi,Evening,one,Night,Mumbai,Economy,28.25,3,14775
Indigo,Delhi,Afternoon,one,Night,Mumbai,Economy,8,3,14744
Vistara,Delhi,Morning,one,Night,Mumbai,Economy,13.75,3,15353
Vistara,Delhi,Morning,one,Morning,Mumbai,Economy,27.33,3,15353
Vistara,Delhi,Afternoon,one,Night,Mumbai,Economy,28.42,3,15405
Air_India,Delhi,Night,one,Afternoon,Mumbai,Economy,16.17,3,15090
Indigo,Delhi,Early_Morning,one,Evening,Mumbai,Economy,8.67,3,15232
Indigo,Delhi,Night,one,Morning,Mumbai,Economy,10.17,3,15232
Vistara,Delhi,Night,zero,Night,Mumbai,Economy,2.17,3,15720
Vistara,Delhi,Evening,zero,Night,Mumbai,Economy,2.33,3,15720
Air_India,Delhi,Morning,one,Afternoon,Mumbai,Economy,30.08,3,15405
Indigo,Delhi,Night,zero,Night,Mumbai,Economy,2.25,3,15720
Indigo,Delhi,Morning,one,Afternoon,Mumbai,Economy,4.17,3,15720
Indigo,Delhi,Morning,one,Evening,Mumbai,Economy,9.25,3,15720
Air_India,Delhi,Night,one,Evening,Mumbai,Economy,20.42,3,15825
Air_India,Delhi,Evening,one,Evening,Mumbai,Economy,24.83,3,15825
Air_India,Delhi,Evening,one,Night,Mumbai,Economy,29.33,3,16245
Vistara,Delhi,Evening,one,Afternoon,Mumbai,Economy,20.08,3,16665
Vistara,Delhi,Morning,one,Night,Mumbai,Economy,12.75,3,16718
GO_FIRST,Delhi,Early_Morning,one,Afternoon,Mumbai,Economy,8,3,16823
Vistara,Delhi,Afternoon,one,Afternoon,Mumbai,Economy,21.08,3,17190
GO_FIRST,Delhi,Morning,one,Evening,Mumbai,Economy,8.92,3,16859
Vistara,Delhi,Evening,one,Morning,Mumbai,Economy,15.58,3,17243
Vistara,Delhi,Morning,one,Night,Mumbai,Economy,12.17,3,17348
GO_FIRST,Delhi,Afternoon,one,Night,Mumbai,Economy,7.5,3,17136
Air_India,Delhi,Early_Morning,one,Afternoon,Mumbai,Economy,9.75,3,17295
Vistara,Delhi,Evening,one,Morning,Mumbai,Economy,17.83,3,17978
Vistara,Delhi,Afternoon,one,Morning,Mumbai,Economy,18,3,18030
Vistara,Delhi,Evening,one,Morning,Mumbai,Economy,18.25,3,18135
Air_India,Delhi,Early_Morning,one,Night,Mumbai,Economy,13.25,3,18135
Vistara,Delhi,Morning,one,Night,Mumbai,Economy,11.17,3,18713
Vistara,Delhi,Afternoon,one,Night,Mumbai,Economy,7.92,3,19238
Air_India,Delhi,Evening,one,Morning,Mumbai,Economy,15.25,3,19605
Air_India,Delhi,Afternoon,one,Morning,Mumbai,Economy,19.08,3,19605
Air_India,Delhi,Afternoon,one,Night,Mumbai,Economy,7.58,3,19920
Vistara,Delhi,Afternoon,one,Night,Mumbai,Economy,7.58,3,21233
Vistara,Delhi,Morning,one,Afternoon,Mumbai,Economy,27.58,3,21285
GO_FIRST,Delhi,Morning,one,Evening,Mumbai,Economy,6.33,3,21899
Air_India,Delhi,Morning,one,Morning,Mumbai,Economy,22.83,3,22755
Vistara,Delhi,Afternoon,one,Night,Mumbai,Economy,6,3,23228
Air_India,Delhi,Morning,one,Afternoon,Mumbai,Economy,4.83,3,22965
Air_India,Delhi,Morning,one,Night,Mumbai,Economy,11.33,3,23070
GO_FIRST,Delhi,Morning,one,Afternoon,Mumbai,Economy,5.92,3,23491
Air_India,Delhi,Evening,one,Afternoon,Mumbai,Economy,20.58,3,24225
Air_India,Delhi,Afternoon,one,Afternoon,Mumbai,Economy,26.17,3,24225
Air_India,Delhi,Evening,one,Night,Mumbai,Economy,6.25,3,24435
Air_India,Delhi,Afternoon,one,Afternoon,Mumbai,Economy,25.83,3,25223
Air_India,Delhi,Evening,one,Night,Mumbai,Economy,27.17,3,26325
Air_India,Delhi,Night,one,Night,Mumbai,Economy,23.83,3,27165
Air_India,Delhi,Morning,one,Evening,Mumbai,Economy,6.42,3,29580
Air_India,Delhi,Afternoon,one,Night,Mumbai,Economy,8.92,3,31260
SpiceJet,Delhi,Evening,zero,Night,Mumbai,Economy,2.17,4,5953
SpiceJet,Delhi,Early_Morning,zero,Morning,Mumbai,Economy,2.25,4,5953
SpiceJet,Delhi,Early_Morning,zero,Morning,Mumbai,Economy,2.33,4,5953
SpiceJet,Delhi,Early_Morning,zero,Morning,Mumbai,Economy,2.33,4,5953
SpiceJet,Delhi,Evening,zero,Night,Mumbai,Economy,2.33,4,5953
SpiceJet,Delhi,Evening,zero,Night,Mumbai,Economy,2.33,4,5953
Vistara,Delhi,Afternoon,zero,Evening,Mumbai,Economy,2.17,4,5955
Vistara,Delhi,Afternoon,zero,Evening,Mumbai,Economy,2.17,4,5955
Vistara,Delhi,Evening,zero,Night,Mumbai,Economy,2.17,4,5955
Vistara,Delhi,Morning,zero,Afternoon,Mumbai,Economy,2.25,4,5955
Vistara,Delhi,Evening,zero,Night,Mumbai,Economy,2.25,4,5955
Vistara,Delhi,Morning,zero,Afternoon,Mumbai,Economy,2.33,4,5955
Vistara,Delhi,Evening,zero,Night,Mumbai,Economy,2.33,4,5955
Vistara,Delhi,Morning,zero,Morning,Mumbai,Economy,2.08,4,6060
Vistara,Delhi,Night,zero,Night,Mumbai,Economy,2.17,4,6060
GO_FIRST,Delhi,Afternoon,zero,Evening,Mumbai,Economy,2.25,4,5954
GO_FIRST,Delhi,Afternoon,zero,Evening,Mumbai,Economy,2.25,4,5954
GO_FIRST,Delhi,Evening,zero,Night,Mumbai,Economy,2.25,4,5954
GO_FIRST,Delhi,Night,zero,Night,Mumbai,Economy,2.25,4,5954
GO_FIRST,Delhi,Morning,zero,Afternoon,Mumbai,Economy,2.33,4,5954
GO_FIRST,Delhi,Evening,zero,Night,Mumbai,Economy,2.33,4,5954
Indigo,Delhi,Early_Morning,zero,Morning,Mumbai,Economy,2.17,4,5955
Indigo,Delhi,Morning,zero,Afternoon,Mumbai,Economy,2.17,4,5955
Indigo,Delhi,Evening,zero,Evening,Mumbai,Economy,2.17,4,5955
Indigo,Delhi,Evening,zero,Night,Mumbai,Economy,2.17,4,5955
SpiceJet,Delhi,Early_Morning,zero,Morning,Mumbai,Economy,2.25,4,5955
Indigo,Delhi,Morning,zero,Afternoon,Mumbai,Economy,2.25,4,5955
Indigo,Delhi,Afternoon,zero,Evening,Mumbai,Economy,2.25,4,5955
Indigo,Delhi,Night,zero,Night,Mumbai,Economy,2.25,4,5955
Indigo,Delhi,Morning,zero,Morning,Mumbai,Economy,2.33,4,5955
Indigo,Delhi,Morning,zero,Morning,Mumbai,Economy,2.5,4,5955
Air_India,Delhi,Evening,zero,Evening,Mumbai,Economy,2,4,5955
Air_India,Delhi,Early_Morning,zero,Morning,Mumbai,Economy,2.08,4,5955
Air_India,Delhi,Early_Morning,zero,Morning,Mumbai,Economy,2.17,4,5955
Air_India,Delhi,Evening,zero,Night,Mumbai,Economy,2.17,4,5955
Air_India,Delhi,Morning,zero,Morning,Mumbai,Economy,2.25,4,5955
Air_India,Delhi,Evening,zero,Night,Mumbai,Economy,2.25,4,5955
AirAsia,Delhi,Evening,one,Early_Morning,Mumbai,Economy,15.17,4,5949
GO_FIRST,Delhi,Afternoon,one,Evening,Mumbai,Economy,5.83,4,5954
GO_FIRST,Delhi,Morning,one,Evening,Mumbai,Economy,8.92,4,5954
GO_FIRST,Delhi,Afternoon,one,Night,Mumbai,Economy,9.25,4,5954
GO_FIRST,Delhi,Early_Morning,one,Evening,Mumbai,Economy,11.75,4,5954
GO_FIRST,Delhi,Evening,one,Early_Morning,Mumbai,Economy,12.33,4,5954
GO_FIRST,Delhi,Evening,one,Morning,Mumbai,Economy,15.17,4,5954
GO_FIRST,Delhi,Early_Morning,one,Night,Mumbai,Economy,15.75,4,5954
Air_India,Delhi,Evening,one,Night,Mumbai,Economy,3.75,4,5955
SpiceJet,Delhi,Evening,one,Night,Mumbai,Economy,4.5,4,5955
Indigo,Delhi,Early_Morning,one,Evening,Mumbai,Economy,10.25,4,5955
Indigo,Delhi,Afternoon,one,Night,Mumbai,Economy,10.33,4,5955
Indigo,Delhi,Night,one,Morning,Mumbai,Economy,10.42,4,5955
SpiceJet,Delhi,Evening,one,Morning,Mumbai,Economy,15.25,4,5955
SpiceJet,Delhi,Afternoon,one,Evening,Mumbai,Economy,25.75,4,5955
AirAsia,Delhi,Early_Morning,zero,Early_Morning,Mumbai,Economy,2.17,4,6139
Indigo,Delhi,Early_Morning,zero,Morning,Mumbai,Economy,2.17,4,6165
SpiceJet,Delhi,Evening,one,Early_Morning,Mumbai,Economy,13.25,4,6270
Vistara,Delhi,Morning,zero,Morning,Mumbai,Economy,2.33,4,6690
Indigo,Delhi,Evening,one,Night,Mumbai,Economy,5.33,4,6443
GO_FIRST,Delhi,Early_Morning,zero,Morning,Mumbai,Economy,2.17,4,6532
Indigo,Delhi,Night,one,Morning,Mumbai,Economy,10.17,4,6932
Indigo,Delhi,Afternoon,one,Evening,Mumbai,Economy,3.83,4,7420
Indigo,Delhi,Morning,one,Evening,Mumbai,Economy,7.67,4,7420
Indigo,Delhi,Afternoon,one,Night,Mumbai,Economy,8.33,4,7420
Air_India,Delhi,Early_Morning,one,Night,Mumbai,Economy,17.5,4,8413
Vistara,Delhi,Evening,one,Morning,Mumbai,Economy,18.33,4,9000
Vistara,Delhi,Afternoon,one,Morning,Mumbai,Economy,21.83,4,9000
Air_India,Delhi,Evening,one,Afternoon,Mumbai,Economy,20.83,4,8790
Air_India,Delhi,Afternoon,one,Afternoon,Mumbai,Economy,26.83,4,8790
GO_FIRST,Delhi,Early_Morning,one,Night,Mumbai,Economy,14.25,4,8869
Indigo,Delhi,Afternoon,one,Night,Mumbai,Economy,8,4,8885
Air_India,Delhi,Early_Morning,one,Night,Mumbai,Economy,15.17,4,9000
Air_India,Delhi,Early_Morning,one,Night,Mumbai,Economy,17.83,4,9000
GO_FIRST,Delhi,Evening,one,Night,Mumbai,Economy,4.75,4,9447
Vistara,Delhi,Afternoon,one,Night,Mumbai,Economy,8.25,4,9840
Vistara,Delhi,Morning,one,Night,Mumbai,Economy,12.58,4,9840
Vistara,Delhi,Night,one,Morning,Mumbai,Economy,13.42,4,9840
Vistara,Delhi,Night,one,Afternoon,Mumbai,Economy,17.92,4,9840
Vistara,Delhi,Afternoon,one,Morning,Mumbai,Economy,19.25,4,9840
Vistara,Delhi,Morning,one,Morning,Mumbai,Economy,23.58,4,9840
Vistara,Delhi,Afternoon,one,Afternoon,Mumbai,Economy,23.75,4,9840
Vistara,Delhi,Night,one,Night,Mumbai,Economy,26.42,4,9840
Air_India,Delhi,Early_Morning,one,Afternoon,Mumbai,Economy,9.75,4,9525
Indigo,Delhi,Afternoon,one,Evening,Mumbai,Economy,6,4,9788
Air_India,Delhi,Evening,one,Evening,Mumbai,Economy,23.92,4,9905
Air_India,Delhi,Afternoon,one,Afternoon,Mumbai,Economy,24.58,4,9988
Vistara,Delhi,Evening,one,Night,Mumbai,Economy,4.42,4,10575
Vistara,Delhi,Evening,one,Night,Mumbai,Economy,5.33,4,10575
Vistara,Delhi,Afternoon,one,Night,Mumbai,Economy,7.92,4,10575
Vistara,Delhi,Evening,one,Morning,Mumbai,Economy,16.33,4,10575
Vistara,Delhi,Evening,one,Afternoon,Mumbai,Economy,20.83,4,10575
Air_India,Delhi,Evening,one,Night,Mumbai,Economy,24.75,4,10260
Indigo,Delhi,Evening,one,Night,Mumbai,Economy,4.42,4,10349
Indigo,Delhi,Morning,one,Afternoon,Mumbai,Economy,4.17,4,10523
GO_FIRST,Delhi,Morning,one,Evening,Mumbai,Economy,7.08,4,10549
GO_FIRST,Delhi,Early_Morning,one,Afternoon,Mumbai,Economy,8,4,10575
Air_India,Delhi,Evening,one,Evening,Mumbai,Economy,22.75,4,10680
Vistara,Delhi,Evening,one,Afternoon,Mumbai,Economy,20.08,4,11205
Vistara,Delhi,Afternoon,one,Afternoon,Mumbai,Economy,26.67,4,11573
Vistara,Delhi,Morning,one,Afternoon,Mumbai,Economy,27.58,4,11625
GO_FIRST,Delhi,Early_Morning,two_or_more,Evening,Mumbai,Economy,12.08,4,11295
GO_FIRST,Delhi,Morning,one,Evening,Mumbai,Economy,6.33,4,11609
Vistara,Delhi,Afternoon,one,Evening,Mumbai,Economy,5,4,12150
Vistara,Delhi,Evening,one,Night,Mumbai,Economy,5.75,4,12150
Vistara,Delhi,Afternoon,one,Night,Mumbai,Economy,6,4,12150
Vistara,Delhi,Afternoon,one,Night,Mumbai,Economy,7.58,4,12150
Vistara,Delhi,Morning,one,Night,Mumbai,Economy,11.17,4,12150
Vistara,Delhi,Morning,one,Night,Mumbai,Economy,12.17,4,12150
Vistara,Delhi,Evening,one,Morning,Mumbai,Economy,12.42,4,12150
Vistara,Delhi,Morning,one,Night,Mumbai,Economy,12.75,4,12150
Vistara,Delhi,Morning,one,Night,Mumbai,Economy,13.75,4,12150
Vistara,Delhi,Evening,one,Morning,Mumbai,Economy,14.42,4,12150
Vistara,Delhi,Evening,one,Morning,Mumbai,Economy,14.67,4,12150
Vistara,Delhi,Evening,one,Morning,Mumbai,Economy,15.58,4,12150
Vistara,Delhi,Evening,one,Morning,Mumbai,Economy,16.17,4,12150
Air_India,Delhi,Early_Morning,one,Afternoon,Mumbai,Economy,8.83,4,11900
Air_India,Delhi,Afternoon,one,Night,Mumbai,Economy,7.58,4,12150
Air_India,Delhi,Morning,one,Night,Mumbai,Economy,11.33,4,12150
Air_India,Delhi,Night,one,Morning,Mumbai,Economy,11.33,4,12150
Air_India,Delhi,Early_Morning,one,Night,Mumbai,Economy,14.92,4,12150
Air_India,Delhi,Evening,one,Morning,Mumbai,Economy,15.25,4,12150
Air_India,Delhi,Afternoon,one,Morning,Mumbai,Economy,19.08,4,12150
Air_India,Delhi,Morning,one,Morning,Mumbai,Economy,22.83,4,12150
Air_India,Delhi,Early_Morning,one,Morning,Mumbai,Economy,26.42,4,12150
SpiceJet,Delhi,Afternoon,one,Afternoon,Mumbai,Economy,21.08,4,12228
Air_India,Delhi,Early_Morning,one,Afternoon,Mumbai,Economy,7.25,4,12298
Indigo,Delhi,Early_Morning,one,Afternoon,Mumbai,Economy,5.08,4,12302
Air_India,Delhi,Afternoon,one,Evening,Mumbai,Economy,25.92,4,12360
Indigo,Delhi,Early_Morning,one,Morning,Mumbai,Economy,4.83,4,12518
Vistara,Delhi,Afternoon,one,Night,Mumbai,Economy,7.58,4,12990
Vistara,Delhi,Evening,one,Morning,Mumbai,Economy,15.75,4,12990
Vistara,Delhi,Evening,one,Morning,Mumbai,Economy,18.25,4,12990
Vistara,Delhi,Evening,one,Afternoon,Mumbai,Economy,18.58,4,12990
Vistara,Delhi,Evening,one,Afternoon,Mumbai,Economy,21.08,4,12990
Air_India,Delhi,Night,one,Morning,Mumbai,Economy,11.42,4,12990
Air_India,Delhi,Evening,one,Morning,Mumbai,Economy,15.83,4,12990
Air_India,Delhi,Night,one,Afternoon,Mumbai,Economy,16.17,4,12990
Air_India,Delhi,Evening,one,Afternoon,Mumbai,Economy,19.5,4,12990
Air_India,Delhi,Night,one,Night,Mumbai,Economy,23.83,4,12990
GO_FIRST,Delhi,Morning,one,Evening,Mumbai,Economy,7.5,4,13043
Vistara,Delhi,Evening,one,Morning,Mumbai,Economy,13.08,4,13410
Vistara,Delhi,Evening,one,Morning,Mumbai,Economy,15.58,4,13410
Vistara,Delhi,Afternoon,one,Morning,Mumbai,Economy,19.5,4,13410
Vistara,Delhi,Early_Morning,one,Morning,Mumbai,Economy,25.83,4,13410
SpiceJet,Delhi,Early_Morning,one,Morning,Mumbai,Economy,4.25,4,13200
Vistara,Delhi,Afternoon,one,Night,Mumbai,Economy,9.08,4,14565
Vistara,Delhi,Early_Morning,one,Night,Mumbai,Economy,15.42,4,14565
Air_India,Delhi,Morning,one,Evening,Mumbai,Economy,5.67,4,14775
Air_India,Delhi,Morning,one,Night,Mumbai,Economy,11.5,4,15143
Vistara,Delhi,Early_Morning,one,Night,Mumbai,Economy,16,4,15825
Air_India,Delhi,Morning,one,Afternoon,Mumbai,Economy,30.08,4,15720
Air_India,Delhi,Afternoon,one,Evening,Mumbai,Economy,4.58,4,15825
Air_India,Delhi,Morning,one,Evening,Mumbai,Economy,7.25,4,15825
Air_India,Delhi,Early_Morning,one,Evening,Mumbai,Economy,11,4,15825
Vistara,Delhi,Early_Morning,one,Night,Mumbai,Economy,12.83,4,16665
Vistara,Delhi,Early_Morning,one,Night,Mumbai,Economy,17,4,17505
GO_FIRST,Delhi,Morning,one,Evening,Mumbai,Economy,8.83,4,17243
Vistara,Delhi,Early_Morning,one,Night,Mumbai,Economy,13.83,4,18345
Vistara,Delhi,Early_Morning,one,Afternoon,Mumbai,Economy,5.5,4,18450
Vistara,Delhi,Evening,one,Night,Mumbai,Economy,6,4,19815
Vistara,Delhi,Early_Morning,one,Afternoon,Mumbai,Economy,6.5,4,20130
Air_India,Delhi,Evening,one,Night,Mumbai,Economy,6.25,4,20025
Air_India,Delhi,Afternoon,one,Night,Mumbai,Economy,8.92,4,20025
Air_India,Delhi,Night,one,Evening,Mumbai,Economy,21.58,4,21180
Air_India,Delhi,Evening,one,Evening,Mumbai,Economy,26,4,21180
Air_India,Delhi,Morning,one,Afternoon,Mumbai,Economy,4.83,4,21390
Air_India,Delhi,Early_Morning,one,Afternoon,Mumbai,Economy,8,4,24540
SpiceJet,Delhi,Evening,zero,Night,Mumbai,Economy,2.17,5,5953
SpiceJet,Delhi,Evening,zero,Night,Mumbai,Economy,2.17,5,5953
SpiceJet,Delhi,Early_Morning,zero,Morning,Mumbai,Economy,2.25,5,5953
SpiceJet,Delhi,Early_Morning,zero,Morning,Mumbai,Economy,2.25,5,5953
SpiceJet,Delhi,Early_Morning,zero,Morning,Mumbai,Economy,2.33,5,5953
SpiceJet,Delhi,Early_Morning,zero,Morning,Mumbai,Economy,2.33,5,5953
SpiceJet,Delhi,Evening,zero,Night,Mumbai,Economy,2.33,5,5953
SpiceJet,Delhi,Evening,zero,Night,Mumbai,Economy,2.33,5,5953
Vistara,Delhi,Night,zero,Night,Mumbai,Economy,2,5,5955
Vistara,Delhi,Morning,zero,Morning,Mumbai,Economy,2.08,5,5955
Vistara,Delhi,Early_Morning,zero,Early_Morning,Mumbai,Economy,2.17,5,5955
Vistara,Delhi,Afternoon,zero,Afternoon,Mumbai,Economy,2.17,5,5955
Vistara,Delhi,Afternoon,zero,Evening,Mumbai,Economy,2.17,5,5955
Vistara,Delhi,Afternoon,zero,Evening,Mumbai,Economy,2.17,5,5955
Vistara,Delhi,Evening,zero,Night,Mumbai,Economy,2.17,5,5955
Vistara,Delhi,Night,zero,Night,Mumbai,Economy,2.17,5,5955
Vistara,Delhi,Early_Morning,zero,Morning,Mumbai,Economy,2.25,5,5955
Vistara,Delhi,Morning,zero,Afternoon,Mumbai,Economy,2.25,5,5955
Vistara,Delhi,Evening,zero,Night,Mumbai,Economy,2.25,5,5955
Vistara,Delhi,Morning,zero,Morning,Mumbai,Economy,2.33,5,5955
Vistara,Delhi,Morning,zero,Afternoon,Mumbai,Economy,2.33,5,5955
Vistara,Delhi,Evening,zero,Evening,Mumbai,Economy,2.33,5,5955
Vistara,Delhi,Evening,zero,Night,Mumbai,Economy,2.33,5,5955
GO_FIRST,Delhi,Early_Morning,zero,Morning,Mumbai,Economy,2.17,5,5954
GO_FIRST,Delhi,Afternoon,zero,Evening,Mumbai,Economy,2.25,5,5954
GO_FIRST,Delhi,Afternoon,zero,Evening,Mumbai,Economy,2.25,5,5954
GO_FIRST,Delhi,Evening,zero,Night,Mumbai,Economy,2.25,5,5954
GO_FIRST,Delhi,Morning,zero,Afternoon,Mumbai,Economy,2.33,5,5954
GO_FIRST,Delhi,Evening,zero,Night,Mumbai,Economy,2.33,5,5954
Indigo,Delhi,Early_Morning,zero,Morning,Mumbai,Economy,2.17,5,5955
Indigo,Delhi,Early_Morning,zero,Morning,Mumbai,Economy,2.17,5,5955
Indigo,Delhi,Morning,zero,Afternoon,Mumbai,Economy,2.17,5,5955
Indigo,Delhi,Evening,zero,Evening,Mumbai,Economy,2.17,5,5955
Indigo,Delhi,Evening,zero,Night,Mumbai,Economy,2.17,5,5955
Indigo,Delhi,Morning,zero,Afternoon,Mumbai,Economy,2.25,5,5955
Indigo,Delhi,Afternoon,zero,Evening,Mumbai,Economy,2.25,5,5955
Indigo,Delhi,Night,zero,Night,Mumbai,Economy,2.25,5,5955
Indigo,Delhi,Morning,zero,Morning,Mumbai,Economy,2.33,5,5955
Indigo,Delhi,Morning,zero,Morning,Mumbai,Economy,2.5,5,5955
Air_India,Delhi,Evening,zero,Evening,Mumbai,Economy,2,5,5955
Air_India,Delhi,Early_Morning,zero,Morning,Mumbai,Economy,2.08,5,5955
Air_India,Delhi,Early_Morning,zero,Morning,Mumbai,Economy,2.17,5,5955
Air_India,Delhi,Evening,zero,Night,Mumbai,Economy,2.17,5,5955
Air_India,Delhi,Morning,zero,Morning,Mumbai,Economy,2.25,5,5955
Air_India,Delhi,Evening,zero,Night,Mumbai,Economy,2.25,5,5955
AirAsia,Delhi,Night,one,Early_Morning,Mumbai,Economy,10.5,5,5949
AirAsia,Delhi,Evening,one,Early_Morning,Mumbai,Economy,11.67,5,5949
GO_FIRST,Delhi,Morning,one,Evening,Mumbai,Economy,7.5,5,5954
GO_FIRST,Delhi,Afternoon,two_or_more,Night,Mumbai,Economy,8.58,5,5954
GO_FIRST,Delhi,Morning,one,Evening,Mumbai,Economy,8.92,5,5954
GO_FIRST,Delhi,Early_Morning,one,Evening,Mumbai,Economy,11.75,5,5954
GO_FIRST,Delhi,Evening,one,Early_Morning,Mumbai,Economy,12.33,5,5954
GO_FIRST,Delhi,Early_Morning,one,Night,Mumbai,Economy,14.5,5,5954
GO_FIRST,Delhi,Evening,one,Morning,Mumbai,Economy,15.17,5,5954
GO_FIRST,Delhi,Early_Morning,one,Night,Mumbai,Economy,15.75,5,5954
Air_India,Delhi,Evening,one,Night,Mumbai,Economy,3.75,5,5955
SpiceJet,Delhi,Evening,one,Night,Mumbai,Economy,4.5,5,5955
SpiceJet,Delhi,Evening,one,Morning,Mumbai,Economy,15.25,5,5955
SpiceJet,Delhi,Morning,one,Afternoon,Mumbai,Economy,24.67,5,5955
SpiceJet,Delhi,Afternoon,one,Evening,Mumbai,Economy,25.75,5,5955
AirAsia,Delhi,Early_Morning,zero,Early_Morning,Mumbai,Economy,2.17,5,6139
SpiceJet,Delhi,Evening,one,Early_Morning,Mumbai,Economy,13.25,5,6270
Indigo,Delhi,Early_Morning,one,Morning,Mumbai,Economy,4.83,5,6443
Indigo,Delhi,Afternoon,one,Night,Mumbai,Economy,10.33,5,6443
GO_FIRST,Delhi,Night,zero,Night,Mumbai,Economy,2.25,5,6532
Indigo,Delhi,Morning,two_or_more,Evening,Mumbai,Economy,9.67,5,6953
Indigo,Delhi,Morning,one,Afternoon,Mumbai,Economy,4.17,5,7163
Indigo,Delhi,Evening,one,Night,Mumbai,Economy,4.42,5,7420
Indigo,Delhi,Afternoon,one,Night,Mumbai,Economy,8.33,5,7420
Air_India,Delhi,Morning,one,Night,Mumbai,Economy,14.75,5,7468
Air_India,Delhi,Early_Morning,one,Night,Mumbai,Economy,17.5,5,7468
Indigo,Delhi,Afternoon,one,Evening,Mumbai,Economy,3.83,5,8396
Indigo,Delhi,Early_Morning,one,Evening,Mumbai,Economy,10.25,5,8396
Vistara,Delhi,Evening,one,Morning,Mumbai,Economy,18.33,5,9000
Vistara,Delhi,Afternoon,one,Morning,Mumbai,Economy,21.83,5,9000
Air_India,Delhi,Evening,one,Afternoon,Mumbai,Economy,20.83,5,8790
GO_FIRST,Delhi,Early_Morning,one,Night,Mumbai,Economy,14.25,5,8869
GO_FIRST,Delhi,Afternoon,one,Night,Mumbai,Economy,9.25,5,8892
Air_India,Delhi,Early_Morning,one,Night,Mumbai,Economy,17.17,5,9000
Air_India,Delhi,Evening,one,Night,Mumbai,Economy,24.75,5,9315
Air_India,Delhi,Early_Morning,one,Afternoon,Mumbai,Economy,9.75,5,9368
Indigo,Delhi,Early_Morning,one,Afternoon,Mumbai,Economy,5.08,5,9373
Indigo,Delhi,Morning,one,Evening,Mumbai,Economy,7.67,5,9373
GO_FIRST,Delhi,Evening,one,Night,Mumbai,Economy,4.75,5,9447
Vistara,Delhi,Early_Morning,one,Afternoon,Mumbai,Economy,7,5,9840
Vistara,Delhi,Morning,one,Night,Mumbai,Economy,12.58,5,9840
Vistara,Delhi,Night,one,Morning,Mumbai,Economy,13.42,5,9840
Vistara,Delhi,Early_Morning,one,Night,Mumbai,Economy,15.5,5,9840
Vistara,Delhi,Night,one,Afternoon,Mumbai,Economy,17.92,5,9840
Vistara,Delhi,Morning,one,Morning,Mumbai,Economy,23.58,5,9840
Vistara,Delhi,Night,one,Night,Mumbai,Economy,26.42,5,9840
Vistara,Delhi,Early_Morning,one,Morning,Mumbai,Economy,26.5,5,9840
Vistara,Delhi,Afternoon,one,Afternoon,Mumbai,Economy,26.67,5,9893
Air_India,Delhi,Early_Morning,one,Evening,Mumbai,Economy,10.5,5,9590
Vistara,Delhi,Afternoon,one,Night,Mumbai,Economy,8.25,5,9945
Vistara,Delhi,Afternoon,one,Morning,Mumbai,Economy,19.25,5,9945
Vistara,Delhi,Afternoon,one,Afternoon,Mumbai,Economy,23.75,5,9945
Indigo,Delhi,Morning,one,Afternoon,Mumbai,Economy,4.08,5,9998
Vistara,Delhi,Evening,one,Night,Mumbai,Economy,4.42,5,10575
Vistara,Delhi,Evening,one,Night,Mumbai,Economy,5.33,5,10575
Vistara,Delhi,Afternoon,one,Night,Mumbai,Economy,7.92,5,10575
Vistara,Delhi,Evening,one,Morning,Mumbai,Economy,16.33,5,10575
SpiceJet,Delhi,Early_Morning,one,Morning,Mumbai,Economy,4.25,5,10260
Air_India,Delhi,Early_Morning,one,Night,Mumbai,Economy,15.17,5,10260
Vistara,Delhi,Afternoon,one,Afternoon,Mumbai,Economy,25.58,5,10723
GO_FIRST,Delhi,Morning,one,Evening,Mumbai,Economy,7.08,5,10549
GO_FIRST,Delhi,Early_Morning,one,Afternoon,Mumbai,Economy,8,5,10575
Air_India,Delhi,Morning,one,Evening,Mumbai,Economy,6.42,5,10680
Air_India,Delhi,Evening,one,Evening,Mumbai,Economy,22.75,5,10680
GO_FIRST,Delhi,Morning,one,Evening,Mumbai,Economy,8.83,5,11259
GO_FIRST,Delhi,Afternoon,one,Evening,Mumbai,Economy,5.83,5,11295
Air_India,Delhi,Early_Morning,one,Night,Mumbai,Economy,15.67,5,11573
GO_FIRST,Delhi,Morning,one,Evening,Mumbai,Economy,6.33,5,11609
Air_India,Delhi,Afternoon,one,Evening,Mumbai,Economy,6.33,5,11773
Vistara,Delhi,Early_Morning,one,Morning,Mumbai,Economy,5.5,5,12150
Vistara,Delhi,Evening,one,Night,Mumbai,Economy,5.75,5,12150
Vistara,Delhi,Evening,one,Night,Mumbai,Economy,5.83,5,12150
Vistara,Delhi,Afternoon,one,Night,Mumbai,Economy,6,5,12150
Vistara,Delhi,Afternoon,one,Night,Mumbai,Economy,6.5,5,12150
Vistara,Delhi,Evening,one,Night,Mumbai,Economy,7.33,5,12150
Vistara,Delhi,Afternoon,one,Night,Mumbai,Economy,7.58,5,12150
Vistara,Delhi,Afternoon,one,Night,Mumbai,Economy,9.17,5,12150
Vistara,Delhi,Morning,one,Night,Mumbai,Economy,11.17,5,12150
Vistara,Delhi,Night,one,Morning,Mumbai,Economy,11.58,5,12150
Vistara,Delhi,Morning,one,Night,Mumbai,Economy,11.67,5,12150
Vistara,Delhi,Morning,one,Night,Mumbai,Economy,12.17,5,12150
Vistara,Delhi,Evening,one,Morning,Mumbai,Economy,12.42,5,12150
Air_India,Delhi,Night,one,Afternoon,Mumbai,Economy,17.75,5,11900
GO_FIRST,Delhi,Morning,one,Night,Mumbai,Economy,11,5,12045
Air_India,Delhi,Night,one,Morning,Mumbai,Economy,11.33,5,12150
Air_India,Delhi,Morning,one,Night,Mumbai,Economy,11.58,5,12150
Air_India,Delhi,Early_Morning,one,Night,Mumbai,Economy,14.92,5,12150
Air_India,Delhi,Evening,one,Morning,Mumbai,Economy,15.25,5,12150
Air_India,Delhi,Morning,one,Morning,Mumbai,Economy,23.08,5,12150
Air_India,Delhi,Early_Morning,one,Morning,Mumbai,Economy,26.42,5,12150
Vistara,Delhi,Early_Morning,one,Afternoon,Mumbai,Economy,7.33,5,12990
Vistara,Delhi,Afternoon,one,Night,Mumbai,Economy,9.08,5,13095
Vistara,Delhi,Evening,one,Morning,Mumbai,Economy,13.08,5,13095
Vistara,Delhi,Early_Morning,one,Night,Mumbai,Economy,15.42,5,13095
Vistara,Delhi,Evening,one,Morning,Mumbai,Economy,15.58,5,13095
Air_India,Delhi,Afternoon,one,Night,Mumbai,Economy,7.92,5,12990
Air_India,Delhi,Night,one,Morning,Mumbai,Economy,11.42,5,12990
Air_India,Delhi,Early_Morning,one,Night,Mumbai,Economy,13.25,5,12990
AirAsia,Delhi,Evening,one,Early_Morning,Mumbai,Economy,15.17,5,12990
Air_India,Delhi,Evening,one,Morning,Mumbai,Economy,15.83,5,12990
Vistara,Delhi,Evening,one,Morning,Mumbai,Economy,15.75,5,13410
Air_India,Delhi,Afternoon,one,Evening,Mumbai,Economy,25.92,5,13200
Indigo,Delhi,Early_Morning,one,Evening,Mumbai,Economy,8.67,5,13279
Vistara,Delhi,Evening,one,Night,Mumbai,Economy,6,5,13725
Vistara,Delhi,Afternoon,one,Night,Mumbai,Economy,7.58,5,13725
Air_India,Delhi,Night,one,Afternoon,Mumbai,Economy,16.17,5,13410
Air_India,Delhi,Evening,one,Afternoon,Mumbai,Economy,19.5,5,13410
Vistara,Delhi,Morning,one,Afternoon,Mumbai,Economy,27.58,5,13830
Air_India,Delhi,Afternoon,one,Afternoon,Mumbai,Economy,25.25,5,13506
Air_India,Delhi,Afternoon,one,Afternoon,Mumbai,Economy,24.83,5,14031
Air_India,Delhi,Night,one,Night,Mumbai,Economy,23.83,5,14355
Vistara,Delhi,Early_Morning,one,Afternoon,Mumbai,Economy,6.5,5,14880
Vistara,Delhi,Early_Morning,one,Night,Mumbai,Economy,13.83,5,14880
Air_India,Delhi,Evening,one,Night,Mumbai,Economy,6.25,5,14670
Air_India,Delhi,Afternoon,one,Night,Mumbai,Economy,8.58,5,14670
Air_India,Delhi,Evening,one,Afternoon,Mumbai,Economy,21.25,5,14985
Air_India,Delhi,Morning,one,Afternoon,Mumbai,Economy,30.08,5,15405
Air_India,Delhi,Morning,one,Afternoon,Mumbai,Economy,4.83,5,15615
Indigo,Delhi,Morning,one,Evening,Mumbai,Economy,8.33,5,15720
Air_India,Delhi,Evening,one,Night,Mumbai,Economy,29.33,5,16245
Air_India,Delhi,Early_Morning,one,Afternoon,Mumbai,Economy,8,5,17505
Vistara,Delhi,Early_Morning,one,Afternoon,Mumbai,Economy,5.5,5,18345
Vistara,Delhi,Early_Morning,one,Night,Mumbai,Economy,12.83,5,18345
Air_India,Delhi,Morning,one,Evening,Mumbai,Economy,5.67,5,19500
Air_India,Delhi,Morning,one,Evening,Mumbai,Economy,8.42,5,21180
Air_India,Delhi,Early_Morning,one,Evening,Mumbai,Economy,12.17,5,21180
Air_India,Delhi,Morning,one,Night,Mumbai,Economy,11.5,5,21443
Air_India,Delhi,Night,one,Evening,Mumbai,Economy,20.42,5,22755
Air_India,Delhi,Evening,one,Evening,Mumbai,Economy,24.83,5,22755
Air_India,Delhi,Morning,one,Night,Mumbai,Economy,10.92,5,24908
SpiceJet,Delhi,Evening,zero,Night,Mumbai,Economy,2.17,6,5953
SpiceJet,Delhi,Evening,zero,Night,Mumbai,Economy,2.17,6,5953
SpiceJet,Delhi,Early_Morning,zero,Morning,Mumbai,Economy,2.25,6,5953
SpiceJet,Delhi,Early_Morning,zero,Morning,Mumbai,Economy,2.25,6,5953
SpiceJet,Delhi,Early_Morning,zero,Morning,Mumbai,Economy,2.33,6,5953
SpiceJet,Delhi,Early_Morning,zero,Morning,Mumbai,Economy,2.33,6,5953
SpiceJet,Delhi,Evening,zero,Night,Mumbai,Economy,2.33,6,5953
SpiceJet,Delhi,Evening,zero,Night,Mumbai,Economy,2.33,6,5953
AirAsia,Delhi,Early_Morning,zero,Early_Morning,Mumbai,Economy,2.17,6,5956
Vistara,Delhi,Morning,zero,Morning,Mumbai,Economy,2.08,6,5955
Vistara,Delhi,Early_Morning,zero,Early_Morning,Mumbai,Economy,2.17,6,5955
Vistara,Delhi,Afternoon,zero,Afternoon,Mumbai,Economy,2.17,6,5955
Vistara,Delhi,Afternoon,zero,Evening,Mumbai,Economy,2.17,6,5955
Vistara,Delhi,Afternoon,zero,Evening,Mumbai,Economy,2.17,6,5955
Vistara,Delhi,Evening,zero,Night,Mumbai,Economy,2.17,6,5955
Vistara,Delhi,Night,zero,Night,Mumbai,Economy,2.17,6,5955
Vistara,Delhi,Early_Morning,zero,Morning,Mumbai,Economy,2.25,6,5955
Vistara,Delhi,Morning,zero,Afternoon,Mumbai,Economy,2.25,6,5955
Vistara,Delhi,Evening,zero,Night,Mumbai,Economy,2.25,6,5955
Vistara,Delhi,Morning,zero,Morning,Mumbai,Economy,2.33,6,5955
Vistara,Delhi,Morning,zero,Afternoon,Mumbai,Economy,2.33,6,5955
Vistara,Delhi,Evening,zero,Evening,Mumbai,Economy,2.33,6,5955
Vistara,Delhi,Evening,zero,Night,Mumbai,Economy,2.33,6,5955
Vistara,Delhi,Night,zero,Night,Mumbai,Economy,2,6,6060
GO_FIRST,Delhi,Early_Morning,zero,Morning,Mumbai,Economy,2.17,6,5954
GO_FIRST,Delhi,Afternoon,zero,Evening,Mumbai,Economy,2.25,6,5954
GO_FIRST,Delhi,Evening,zero,Night,Mumbai,Economy,2.25,6,5954
GO_FIRST,Delhi,Night,zero,Night,Mumbai,Economy,2.25,6,5954
GO_FIRST,Delhi,Morning,zero,Afternoon,Mumbai,Economy,2.33,6,5954
GO_FIRST,Delhi,Evening,zero,Night,Mumbai,Economy,2.33,6,5954
Indigo,Delhi,Early_Morning,zero,Morning,Mumbai,Economy,2.17,6,5955
Indigo,Delhi,Early_Morning,zero,Morning,Mumbai,Economy,2.17,6,5955
Indigo,Delhi,Morning,zero,Afternoon,Mumbai,Economy,2.17,6,5955
Indigo,Delhi,Evening,zero,Night,Mumbai,Economy,2.17,6,5955
Indigo,Delhi,Night,zero,Late_Night,Mumbai,Economy,2.17,6,5955
Indigo,Delhi,Morning,zero,Morning,Mumbai,Economy,2.33,6,5955
Indigo,Delhi,Morning,zero,Afternoon,Mumbai,Economy,2.33,6,5955
Indigo,Delhi,Morning,zero,Morning,Mumbai,Economy,2.5,6,5955
Air_India,Delhi,Evening,zero,Evening,Mumbai,Economy,2,6,5955
Air_India,Delhi,Early_Morning,zero,Morning,Mumbai,Economy,2.08,6,5955
Air_India,Delhi,Early_Morning,zero,Morning,Mumbai,Economy,2.17,6,5955
Air_India,Delhi,Evening,zero,Night,Mumbai,Economy,2.17,6,5955
Air_India,Delhi,Morning,zero,Morning,Mumbai,Economy,2.25,6,5955
Air_India,Delhi,Evening,zero,Night,Mumbai,Economy,2.25,6,5955
AirAsia,Delhi,Night,one,Early_Morning,Mumbai,Economy,10.5,6,5949
AirAsia,Delhi,Evening,one,Early_Morning,Mumbai,Economy,11.67,6,5949
AirAsia,Delhi,Night,one,Morning,Mumbai,Economy,14,6,5949
GO_FIRST,Delhi,Morning,one,Evening,Mumbai,Economy,7.5,6,5954
GO_FIRST,Delhi,Early_Morning,one,Afternoon,Mumbai,Economy,8,6,5954
GO_FIRST,Delhi,Morning,one,Evening,Mumbai,Economy,8.83,6,5954
GO_FIRST,Delhi,Morning,one,Evening,Mumbai,Economy,8.92,6,5954
GO_FIRST,Delhi,Afternoon,one,Night,Mumbai,Economy,9.25,6,5954
GO_FIRST,Delhi,Early_Morning,one,Evening,Mumbai,Economy,11.75,6,5954
GO_FIRST,Delhi,Evening,one,Early_Morning,Mumbai,Economy,12.33,6,5954
GO_FIRST,Delhi,Early_Morning,one,Night,Mumbai,Economy,14.25,6,5954
GO_FIRST,Delhi,Early_Morning,one,Night,Mumbai,Economy,14.5,6,5954
GO_FIRST,Delhi,Evening,one,Morning,Mumbai,Economy,15.17,6,5954
GO_FIRST,Delhi,Early_Morning,one,Night,Mumbai,Economy,15.75,6,5954
Air_India,Delhi,Afternoon,one,Evening,Mumbai,Economy,3.5,6,5955
Air_India,Delhi,Evening,one,Night,Mumbai,Economy,3.75,6,5955
Indigo,Delhi,Early_Morning,one,Afternoon,Mumbai,Economy,7.58,6,5955
SpiceJet,Delhi,Evening,one,Night,Mumbai,Economy,4.5,6,6060
SpiceJet,Delhi,Afternoon,one,Evening,Mumbai,Economy,25.75,6,6060
Indigo,Delhi,Night,zero,Night,Mumbai,Economy,2.25,6,6165
SpiceJet,Delhi,Evening,one,Early_Morning,Mumbai,Economy,13.25,6,6270
GO_FIRST,Delhi,Afternoon,zero,Evening,Mumbai,Economy,2.25,6,6532
Indigo,Delhi,Evening,zero,Evening,Mumbai,Economy,2.17,6,6585
Indigo,Delhi,Afternoon,zero,Evening,Mumbai,Economy,2.25,6,6585
Indigo,Delhi,Morning,one,Afternoon,Mumbai,Economy,4.17,6,6638
Indigo,Delhi,Evening,one,Night,Mumbai,Economy,5.33,6,6932
Indigo,Delhi,Afternoon,one,Night,Mumbai,Economy,10.33,6,6932
Indigo,Delhi,Evening,one,Night,Mumbai,Economy,4.42,6,7420
Indigo,Delhi,Early_Morning,one,Afternoon,Mumbai,Economy,5.08,6,7908
Vistara,Delhi,Evening,one,Morning,Mumbai,Economy,18.33,6,9000
Vistara,Delhi,Afternoon,one,Morning,Mumbai,Economy,21.83,6,9000
GO_FIRST,Delhi,Evening,one,Night,Mumbai,Economy,4.75,6,8869
AirAsia,Delhi,Evening,one,Early_Morning,Mumbai,Economy,15.17,6,8869
Indigo,Delhi,Evening,one,Night,Mumbai,Economy,4.92,6,8885
Air_India,Delhi,Early_Morning,one,Night,Mumbai,Economy,15.17,6,9000
Air_India,Delhi,Early_Morning,one,Night,Mumbai,Economy,17.17,6,9000
Air_India,Delhi,Evening,one,Night,Mumbai,Economy,24.75,6,9000
Air_India,Delhi,Early_Morning,one,Afternoon,Mumbai,Economy,9.75,6,9368
Vistara,Delhi,Early_Morning,one,Afternoon,Mumbai,Economy,7,6,9840
Vistara,Delhi,Afternoon,one,Night,Mumbai,Economy,8.25,6,9840
Vistara,Delhi,Morning,one,Night,Mumbai,Economy,12.58,6,9840
Vistara,Delhi,Night,one,Morning,Mumbai,Economy,13.42,6,9840
Vistara,Delhi,Early_Morning,one,Night,Mumbai,Economy,15.5,6,9840
Vistara,Delhi,Night,one,Afternoon,Mumbai,Economy,17.92,6,9840
Vistara,Delhi,Afternoon,one,Morning,Mumbai,Economy,19.25,6,9840
Vistara,Delhi,Morning,one,Morning,Mumbai,Economy,23.58,6,9840
Vistara,Delhi,Afternoon,one,Afternoon,Mumbai,Economy,23.75,6,9840
Vistara,Delhi,Night,one,Night,Mumbai,Economy,26.42,6,9840
Air_India,Delhi,Afternoon,one,Afternoon,Mumbai,Economy,26.83,6,9525
Vistara,Delhi,Evening,one,Night,Mumbai,Economy,5.33,6,9945
Vistara,Delhi,Evening,one,Morning,Mumbai,Economy,16.33,6,9945
Vistara,Delhi,Evening,one,Afternoon,Mumbai,Economy,20.83,6,9945
Vistara,Delhi,Afternoon,one,Afternoon,Mumbai,Economy,25.58,6,10198
Indigo,Delhi,Afternoon,one,Evening,Mumbai,Economy,6,6,10003
Air_India,Delhi,Evening,one,Afternoon,Mumbai,Economy,20.83,6,10103
Air_India,Delhi,Early_Morning,one,Night,Mumbai,Economy,15.67,6,10313
Air_India,Delhi,Morning,one,Evening,Mumbai,Economy,6.42,6,10680
Air_India,Delhi,Evening,one,Evening,Mumbai,Economy,22.75,6,10680
Indigo,Delhi,Afternoon,one,Night,Mumbai,Economy,8,6,10838
Air_India,Delhi,Evening,one,Evening,Mumbai,Economy,25.08,6,10921
GO_FIRST,Delhi,Morning,one,Evening,Mumbai,Economy,7.08,6,11127
GO_FIRST,Delhi,Morning,one,Evening,Mumbai,Economy,8,6,11179
SpiceJet,Delhi,Evening,one,Morning,Mumbai,Economy,15.25,6,11281
GO_FIRST,Delhi,Afternoon,one,Evening,Mumbai,Economy,5.83,6,11295
Air_India,Delhi,Afternoon,one,Evening,Mumbai,Economy,4.58,6,11520
GO_FIRST,Delhi,Morning,one,Evening,Mumbai,Economy,6.33,6,11609
Air_India,Delhi,Evening,one,Afternoon,Mumbai,Economy,20.58,6,11730
Vistara,Delhi,Evening,one,Night,Mumbai,Economy,5.75,6,12150
Vistara,Delhi,Evening,one,Night,Mumbai,Economy,5.83,6,12150
Vistara,Delhi,Afternoon,one,Night,Mumbai,Economy,6,6,12150
Vistara,Delhi,Afternoon,one,Night,Mumbai,Economy,6.5,6,12150
Vistara,Delhi,Evening,one,Night,Mumbai,Economy,7.33,6,12150
Vistara,Delhi,Afternoon,one,Night,Mumbai,Economy,7.58,6,12150
Vistara,Delhi,Afternoon,one,Night,Mumbai,Economy,9.17,6,12150
Vistara,Delhi,Morning,one,Night,Mumbai,Economy,11.17,6,12150
Vistara,Delhi,Night,one,Morning,Mumbai,Economy,11.58,6,12150
Vistara,Delhi,Morning,one,Night,Mumbai,Economy,11.67,6,12150
Vistara,Delhi,Morning,one,Night,Mumbai,Economy,12.17,6,12150
Vistara,Delhi,Evening,one,Morning,Mumbai,Economy,12.42,6,12150
Vistara,Delhi,Morning,one,Night,Mumbai,Economy,12.67,6,12150
Indigo,Delhi,Morning,one,Evening,Mumbai,Economy,7.67,6,11814
Air_India,Delhi,Early_Morning,one,Afternoon,Mumbai,Economy,10.08,6,11900
Air_India,Delhi,Night,one,Afternoon,Mumbai,Economy,16.5,6,11900
Air_India,Delhi,Afternoon,one,Evening,Mumbai,Economy,25.92,6,11940
Vistara,Delhi,Afternoon,one,Afternoon,Mumbai,Economy,26.67,6,12308
GO_FIRST,Delhi,Morning,one,Night,Mumbai,Economy,11,6,12045
Air_India,Delhi,Afternoon,one,Night,Mumbai,Economy,7.58,6,12150
Air_India,Delhi,Morning,one,Night,Mumbai,Economy,11.33,6,12150
Air_India,Delhi,Night,one,Morning,Mumbai,Economy,11.33,6,12150
Air_India,Delhi,Early_Morning,one,Night,Mumbai,Economy,14.92,6,12150
Air_India,Delhi,Evening,one,Morning,Mumbai,Economy,15.25,6,12150
Air_India,Delhi,Afternoon,one,Morning,Mumbai,Economy,19.08,6,12150
Air_India,Delhi,Morning,one,Morning,Mumbai,Economy,22.83,6,12150
Air_India,Delhi,Early_Morning,one,Morning,Mumbai,Economy,26.42,6,12150
Air_India,Delhi,Early_Morning,one,Afternoon,Mumbai,Economy,7.25,6,12298
SpiceJet,Delhi,Early_Morning,one,Morning,Mumbai,Economy,4.25,6,12360
Air_India,Delhi,Evening,one,Afternoon,Mumbai,Economy,21.25,6,12518
Vistara,Delhi,Early_Morning,one,Afternoon,Mumbai,Economy,7.33,6,12990
Vistara,Delhi,Evening,one,Morning,Mumbai,Economy,15.75,6,12990
Vistara,Delhi,Afternoon,one,Night,Mumbai,Economy,7.58,6,13095
Vistara,Delhi,Evening,one,Morning,Mumbai,Economy,13.08,6,13095
Vistara,Delhi,Early_Morning,one,Night,Mumbai,Economy,15.42,6,13095
Vistara,Delhi,Evening,one,Morning,Mumbai,Economy,15.58,6,13095
Indigo,Delhi,Night,one,Morning,Mumbai,Economy,10.42,6,12833
Vistara,Delhi,Afternoon,one,Night,Mumbai,Economy,9.08,6,13200
Air_India,Delhi,Night,one,Morning,Mumbai,Economy,11.42,6,12990
Air_India,Delhi,Evening,one,Morning,Mumbai,Economy,15.83,6,12990
Air_India,Delhi,Night,one,Afternoon,Mumbai,Economy,16.17,6,12990
Vistara,Delhi,Evening,one,Night,Mumbai,Economy,6,6,13410
Vistara,Delhi,Early_Morning,one,Night,Mumbai,Economy,16,6,13725
Vistara,Delhi,Early_Morning,one,Afternoon,Mumbai,Economy,6.5,6,13830
Vistara,Delhi,Afternoon,one,Evening,Mumbai,Economy,5,6,13988
Vistara,Delhi,Night,one,Afternoon,Mumbai,Economy,16.5,6,14355
Vistara,Delhi,Early_Morning,one,Afternoon,Mumbai,Economy,5.5,6,14565
Air_India,Delhi,Evening,one,Afternoon,Mumbai,Economy,19.5,6,14250
Indigo,Delhi,Early_Morning,one,Morning,Mumbai,Economy,4.83,6,14255
SpiceJet,Delhi,Afternoon,one,Afternoon,Mumbai,Economy,21.08,6,14328
Air_India,Delhi,Night,one,Night,Mumbai,Economy,23.83,6,14355
Vistara,Delhi,Early_Morning,one,Night,Mumbai,Economy,13.83,6,14880
Air_India,Delhi,Evening,one,Night,Mumbai,Economy,6.25,6,14670
Air_India,Delhi,Afternoon,one,Night,Mumbai,Economy,8.92,6,14670
Air_India,Delhi,Morning,one,Afternoon,Mumbai,Economy,4.83,6,14775
Air_India,Delhi,Early_Morning,one,Night,Mumbai,Economy,13.25,6,14775
Air_India,Delhi,Night,one,Night,Mumbai,Economy,26.5,6,14880
Vistara,Delhi,Early_Morning,one,Night,Mumbai,Economy,12.83,6,15615
Air_India,Delhi,Morning,one,Afternoon,Mumbai,Economy,30.08,6,15405
Air_India,Delhi,Evening,one,Night,Mumbai,Economy,27.17,6,15615
Indigo,Delhi,Night,one,Morning,Mumbai,Economy,10.17,6,15720
Air_India,Delhi,Morning,one,Night,Mumbai,Economy,11.5,6,17925
Air_India,Delhi,Morning,one,Night,Mumbai,Economy,10.92,6,18765
Air_India,Delhi,Morning,one,Evening,Mumbai,Economy,5.67,6,19500
Air_India,Delhi,Early_Morning,one,Evening,Mumbai,Economy,12.58,6,20445
Air_India,Delhi,Night,one,Evening,Mumbai,Economy,20.42,6,21180
Air_India,Delhi,Evening,one,Evening,Mumbai,Economy,24.83,6,21180
Air_India,Delhi,Morning,one,Evening,Mumbai,Economy,7.25,6,22755
Air_India,Delhi,Early_Morning,one,Evening,Mumbai,Economy,11,6,22755
Vistara,Delhi,Morning,one,Afternoon,Mumbai,Economy,27.58,6,23700
SpiceJet,Delhi,Evening,zero,Night,Mumbai,Economy,2.17,7,5953
SpiceJet,Delhi,Early_Morning,zero,Morning,Mumbai,Economy,2.25,7,5953
SpiceJet,Delhi,Early_Morning,zero,Morning,Mumbai,Economy,2.25,7,5953
SpiceJet,Delhi,Early_Morning,zero,Morning,Mumbai,Economy,2.33,7,5953
SpiceJet,Delhi,Early_Morning,zero,Morning,Mumbai,Economy,2.33,7,5953
SpiceJet,Delhi,Evening,zero,Night,Mumbai,Economy,2.33,7,5953
SpiceJet,Delhi,Evening,zero,Night,Mumbai,Economy,2.33,7,5953
Vistara,Delhi,Night,zero,Night,Mumbai,Economy,2,7,5955
Vistara,Delhi,Morning,zero,Morning,Mumbai,Economy,2.08,7,5955
Vistara,Delhi,Early_Morning,zero,Early_Morning,Mumbai,Economy,2.17,7,5955
Vistara,Delhi,Afternoon,zero,Afternoon,Mumbai,Economy,2.17,7,5955
Vistara,Delhi,Afternoon,zero,Evening,Mumbai,Economy,2.17,7,5955
Vistara,Delhi,Afternoon,zero,Evening,Mumbai,Economy,2.17,7,5955
Vistara,Delhi,Evening,zero,Night,Mumbai,Economy,2.17,7,5955
Vistara,Delhi,Night,zero,Night,Mumbai,Economy,2.17,7,5955
Vistara,Delhi,Early_Morning,zero,Morning,Mumbai,Economy,2.25,7,5955
Vistara,Delhi,Morning,zero,Afternoon,Mumbai,Economy,2.25,7,5955
Vistara,Delhi,Morning,zero,Morning,Mumbai,Economy,2.33,7,5955
Vistara,Delhi,Morning,zero,Afternoon,Mumbai,Economy,2.33,7,5955
Vistara,Delhi,Evening,zero,Evening,Mumbai,Economy,2.33,7,5955
Vistara,Delhi,Evening,zero,Night,Mumbai,Economy,2.33,7,5955
Vistara,Delhi,Evening,zero,Night,Mumbai,Economy,2.25,7,6060
GO_FIRST,Delhi,Afternoon,zero,Evening,Mumbai,Economy,2.25,7,5954
GO_FIRST,Delhi,Evening,zero,Night,Mumbai,Economy,2.25,7,5954
GO_FIRST,Delhi,Night,zero,Night,Mumbai,Economy,2.25,7,5954
GO_FIRST,Delhi,Morning,zero,Afternoon,Mumbai,Economy,2.33,7,5954
GO_FIRST,Delhi,Evening,zero,Night,Mumbai,Economy,2.33,7,5954
Indigo,Delhi,Early_Morning,zero,Morning,Mumbai,Economy,2.17,7,5955
Indigo,Delhi,Early_Morning,zero,Morning,Mumbai,Economy,2.17,7,5955
Indigo,Delhi,Evening,zero,Night,Mumbai,Economy,2.17,7,5955
Indigo,Delhi,Night,zero,Late_Night,Mumbai,Economy,2.17,7,5955
Indigo,Delhi,Night,zero,Night,Mumbai,Economy,2.25,7,5955
Indigo,Delhi,Morning,zero,Afternoon,Mumbai,Economy,2.33,7,5955
Air_India,Delhi,Evening,zero,Evening,Mumbai,Economy,2,7,5955
Air_India,Delhi,Early_Morning,zero,Morning,Mumbai,Economy,2.08,7,5955
Air_India,Delhi,Early_Morning,zero,Morning,Mumbai,Economy,2.17,7,5955
Air_India,Delhi,Morning,zero,Afternoon,Mumbai,Economy,2.17,7,5955
Air_India,Delhi,Evening,zero,Night,Mumbai,Economy,2.17,7,5955
Air_India,Delhi,Morning,zero,Morning,Mumbai,Economy,2.25,7,5955
Air_India,Delhi,Evening,zero,Night,Mumbai,Economy,2.25,7,5955
GO_FIRST,Delhi,Early_Morning,one,Afternoon,Mumbai,Economy,8,7,5954
GO_FIRST,Delhi,Afternoon,two_or_more,Night,Mumbai,Economy,8.58,7,5954
GO_FIRST,Delhi,Morning,one,Evening,Mumbai,Economy,8.92,7,5954
GO_FIRST,Delhi,Afternoon,one,Night,Mumbai,Economy,9.25,7,5954
GO_FIRST,Delhi,Early_Morning,one,Evening,Mumbai,Economy,11.75,7,5954
GO_FIRST,Delhi,Evening,one,Early_Morning,Mumbai,Economy,12.33,7,5954
GO_FIRST,Delhi,Early_Morning,one,Night,Mumbai,Economy,14.25,7,5954
GO_FIRST,Delhi,Early_Morning,one,Night,Mumbai,Economy,14.5,7,5954
GO_FIRST,Delhi,Evening,one,Morning,Mumbai,Economy,15.17,7,5954
GO_FIRST,Delhi,Early_Morning,one,Night,Mumbai,Economy,15.75,7,5954
Air_India,Delhi,Afternoon,one,Evening,Mumbai,Economy,3.5,7,5955
Air_India,Delhi,Evening,one,Night,Mumbai,Economy,3.75,7,5955
SpiceJet,Delhi,Evening,one,Night,Mumbai,Economy,4.5,7,5955
Indigo,Delhi,Early_Morning,one,Morning,Mumbai,Economy,5.42,7,5955
Indigo,Delhi,Afternoon,one,Night,Mumbai,Economy,10.33,7,5955
SpiceJet,Delhi,Evening,one,Morning,Mumbai,Economy,15.25,7,5955
SpiceJet,Delhi,Evening,one,Early_Morning,Mumbai,Economy,13.25,7,6060
Indigo,Delhi,Afternoon,zero,Evening,Mumbai,Economy,2.25,7,6165
Indigo,Delhi,Morning,zero,Morning,Mumbai,Economy,2.5,7,6165
AirAsia,Delhi,Early_Morning,zero,Early_Morning,Mumbai,Economy,2.17,7,6349
GO_FIRST,Delhi,Early_Morning,zero,Morning,Mumbai,Economy,2.17,7,6532
GO_FIRST,Delhi,Afternoon,zero,Evening,Mumbai,Economy,2.25,7,6532
Indigo,Delhi,Morning,zero,Afternoon,Mumbai,Economy,2.17,7,6585
Indigo,Delhi,Evening,zero,Evening,Mumbai,Economy,2.17,7,6585
Indigo,Delhi,Early_Morning,one,Afternoon,Mumbai,Economy,7.58,7,6638
Indigo,Delhi,Evening,one,Night,Mumbai,Economy,5.33,7,6932
Indigo,Delhi,Morning,two_or_more,Evening,Mumbai,Economy,9.67,7,6953
Indigo,Delhi,Morning,zero,Morning,Mumbai,Economy,2.33,7,7110
Air_India,Delhi,Morning,one,Night,Mumbai,Economy,14.75,7,7468
Air_India,Delhi,Early_Morning,one,Night,Mumbai,Economy,17.5,7,7468
Vistara,Delhi,Afternoon,one,Afternoon,Mumbai,Economy,26.67,7,8948
Vistara,Delhi,Evening,one,Morning,Mumbai,Economy,18.33,7,9105
Vistara,Delhi,Afternoon,one,Morning,Mumbai,Economy,21.83,7,9105
GO_FIRST,Delhi,Evening,one,Night,Mumbai,Economy,4.75,7,8869
AirAsia,Delhi,Evening,one,Early_Morning,Mumbai,Economy,11.67,7,8869
Air_India,Delhi,Early_Morning,one,Night,Mumbai,Economy,15.17,7,9000
Air_India,Delhi,Early_Morning,one,Night,Mumbai,Economy,17.83,7,9000
Air_India,Delhi,Evening,one,Afternoon,Mumbai,Economy,20.83,7,9053
Indigo,Delhi,Night,one,Morning,Mumbai,Economy,10.42,7,9263
Air_India,Delhi,Evening,one,Night,Mumbai,Economy,24.75,7,9315
